obm-java (2.4.1~alpha11) stable; urgency=low

  * New upstream release.

 -- Thomas Sarboni <tsarboni@linagora.com>  Tue, 19 Jun 2012 17:53:00 +0000

obm-java (2.4.1~alpha10) stable; urgency=low

  * New upstream release.

 -- Thomas Sarboni <tsarboni@linagora.com>  Mon, 21 May 2012 17:27:52 +0000

obm-java (2.4.1~alpha9) stable; urgency=low

  * New upstream release.

 -- Thomas Sarboni <tsarboni@linagora.com>  Fri, 20 Apr 2012 17:50:25 +0000

obm-java (2.4.1~alpha8) stable; urgency=low

  * New upstream release.

 -- Thomas Sarboni <tsarboni@linagora.com>  Thu, 19 Apr 2012 13:51:26 +0000

obm-java (2.4.1~alpha7) stable; urgency=low

  * New upstream release.

 -- Thomas Sarboni <tsarboni@linagora.com>  Tue, 17 Apr 2012 18:38:11 +0000

obm-java (2.4.1~alpha6) stable; urgency=low

  * New upstream release.

 -- Thomas Sarboni <tsarboni@linagora.com>  Thu,  5 Apr 2012 14:38:53 +0000

obm-java (2.4.1~alpha5) stable; urgency=low

  * New upstream release.

 -- Thomas Sarboni <tsarboni@linagora.com>  Fri,  2 Mar 2012 19:29:14 +0000

obm-java (2.4.1~alpha4) stable; urgency=low

  * New upstream release.

 -- Thomas Sarboni <tsarboni@linagora.com>  Wed, 18 Jan 2012 15:03:59 +0000

obm-java (2.4.1~alpha3) stable; urgency=low

  * New upstream release.

 -- Thomas Sarboni <tsarboni@linagora.com>  Wed, 18 Jan 2012 13:01:17 +0000

obm-java (2.4.1~alpha2) stable; urgency=low

  * New upstream release.

 -- Thomas Sarboni <tsarboni@linagora.com>  Wed, 18 Jan 2012 11:30:05 +0000

obm-java (2.4.1~alpha1) stable; urgency=low

  * New upstream release.

 -- Thomas Sarboni <tsarboni@linagora.com>  Fri, 13 Jan 2012 18:50:11 +0000

obm-java (2.4.0.0~rc16) stable; urgency=low

  * New upstream release.

 -- Thomas Sarboni <tsarboni@linagora.com>  Wed,  4 Jan 2012 17:29:35 +0000

obm-java (2.4.0.0~rc15) stable; urgency=low

  * New upstream release.

 -- Thomas Sarboni <tsarboni@linagora.com>  Thu,  8 Dec 2011 16:00:13 +0000

obm-java (2.4.0.0~rc14) stable; urgency=low

  * New upstream release.

 -- Thomas Sarboni <tsarboni@linagora.com>  Wed, 30 Nov 2011 18:00:03 +0000

obm-java (2.4.0.0~rc13) stable; urgency=low

  * New upstream release.

 -- Thomas Sarboni <tsarboni@linagora.com>  Tue, 18 Nov 2011 13:08:04 +0000

obm-java (2.4.0.0~rc12) stable; urgency=low

  * New upstream release.

 -- Thomas Sarboni <tsarboni@linagora.com>  Tue, 17 Nov 2011 13:08:04 +0000

obm-java (2.4.0.0~rc11) stable; urgency=low

  * New upstream release.

 -- Thomas Sarboni <tsarboni@linagora.com>  Tue, 10 Nov 2011 13:08:04 +0000

obm-java (2.4.0-rc8-1) stable; urgency=low

  * New upstream release.

 -- Thomas Sarboni <tsarboni@linagora.com>  Tue, 11 Oct 2011 13:08:04 +0000

obm-sync (2.4.0-rc7-1) unstable; urgency=low

  * new upstream release

 -- Thomas Sarboni <tsarboni@linagora.com>  Fri, 06 Sep 2011 11:42:05 +0200

obm-sync (2.4.0-rc6.4-1) unstable; urgency=low

  * new upstream release

 -- Thomas Sarboni <tsarboni@linagora.com>  Fri, 02 Sep 2011 15:31:05 +0200

obm-sync (2.4.0-rc6.3-1) unstable; urgency=low

  * new upstream release

 -- Thomas Sarboni <tsarboni@linagora.com>  Fri, 02 Sep 2011 15:28:11 +0200

obm-sync (2.4.0-rc6.2-1) unstable; urgency=low

  * new upstream release

 -- Thomas Sarboni <tsarboni@linagora.com>  Fri, 02 Sep 2011 14:08:12 +0200

obm-sync (2.4.0-rc6.1-1) unstable; urgency=low

  * new upstream release

 -- Thomas Sarboni <tsarboni@linagora.com>  Tue, 01 Sep 2011 14:58:08 +0200

obm-sync (2.4.0-rc6-1) unstable; urgency=low

  * new upstream release

 -- Thomas Sarboni <tsarboni@linagora.com>  Wed, 20 Jul 2011 14:22:47 +0200

obm-sync (2.4.0-rc5-1) unstable; urgency=low

  * new upstream release

 -- Thomas Sarboni <tsarboni@linagora.com>  Wed, 13 Jul 2011 11:08:17 +0200

obm-sync (2.4.0-rc4-1) unstable; urgency=low

  * new upstream release

 -- ronan lanore <ronan.lanore@obm.org>  Mon, 11 Jul 2011 15:26:47 +0200

obm-sync (2.4.0-rc3-1) unstable; urgency=low

  * new upstream release

 -- ronan lanore <ronan.lanore@obm.org>  Thu, 31 Mar 2011 16:58:25 +0200

obm-sync (2.4.0-rc2-1) unstable; urgency=low

  * new upstream release

 -- ronan lanore <ronan.lanore@obm.org>  Mon, 21 Mar 2011 14:50:18 +0100

obm-sync (2.4.0-rc1-1) unstable; urgency=low

  * new upstream release

 -- ronan lanore <ronan.lanore@obm.org>  Tue, 08 Feb 2011 10:58:12 +0100

obm-sync (2.3.20-1) unstable; urgency=low

  * new upstream release

 -- ronan lanore <ronan.lanore@obm.org>  Wed, 24 Nov 2010 18:19:11 +0100

obm-sync (2.3.19-1) unstable; urgency=low

  * new upstream release

 -- ronan lanore <ronan.lanore@obm.org>  Fri, 08 Oct 2010 15:44:30 +0200

obm-sync (2.3.18-1) unstable; urgency=low

  * new upstream release

 -- ronan lanore <ronan.lanore@obm.org>  Wed, 06 Oct 2010 15:39:31 +0200

obm-sync (2.3.17-1) unstable; urgency=low

  * new upstream release

 -- ronan lanore <ronan.lanore@obm.org>  Tue, 05 Oct 2010 17:21:33 +0200

obm-sync (2.3.16-1) unstable; urgency=low

  * new upstream release

 -- ronan lanore <ronan.lanore@obm.org>  Thu, 23 Sep 2010 15:00:37 +0200

obm-sync (2.3.14-1) unstable; urgency=low

  * new upstream release

 -- Sylvain Garcia <sylvain.garcia@obm.org>  Tue, 17 Aug 2010 11:49:44 +0200

obm-sync (2.3.13-1) unstable; urgency=low

  * new upstream release

 -- Thomas Cataldo <thomas.cataldo@aliasource.fr>  Thu, 29 Jul 2010 16:56:08 +0200

obm-sync (2.3.12-1) unstable; urgency=low

  * new upstream release

 -- Sylvain Garcia <sylvain.garcia@obm.org>  Fri, 23 Jul 2010 10:50:38 +0200

obm-sync (2.3.11-1) unstable; urgency=low

  * new upstream release 

 -- Sylvain Garcia <sylvain.garcia@obm.org>  Wed, 30 Jun 2010 16:59:41 +0200

obm-sync (2.3.10-1) unstable; urgency=low

  * new upstream release

 -- Sylvain Garcia <sylvain.garcia@obm.org>  Mon, 14 Jun 2010 12:45:54 +0200

obm-sync (2.3.9-1) unstable; urgency=low

  * new upstream release

 -- Sylvain Garcia <sylvain.garcia@obm.org>  Thu, 20 May 2010 17:33:31 +0200

obm-sync (2.3.8-1) unstable; urgency=low

  * new upstream version

 -- Sylvain Garcia <sylvain.garcia@obm.org>  Wed, 28 Apr 2010 10:48:23 +0200

obm-sync (2.3.6-1) unstable; urgency=low

  * new upstream version

 -- Sylvain Garcia <sylvain.garcia@obm.org>  Tue, 20 Apr 2010 09:07:18 +0200

obm-sync (2.3.5-1) unstable; urgency=low

  * new upstream release

 -- Sylvain Garcia <sylvain.garcia@obm.org>  Mon, 19 Apr 2010 09:13:43 +0200

obm-sync (2.3.4-1) unstable; urgency=low

  * new upstream release

 -- Sylvain Garcia <sylvain.garcia@obm.org>  Wed, 14 Apr 2010 17:55:30 +0200

obm-sync (2.3.4~rc2-1) unstable; urgency=low

  * rc from headers reading

 -- Thomas Cataldo <thomas.cataldo@aliasource.fr>  Mon, 22 Mar 2010 10:42:49 +0100

obm-sync (2.3.4~rc1-1) unstable; urgency=low

  * rc for some lemon ldap tests

 -- Thomas Cataldo <thomas.cataldo@aliasource.fr>  Fri, 19 Mar 2010 17:12:41 +0100

obm-sync (2.3.3-1) unstable; urgency=low

  * new upstream release

 -- Thomas Cataldo <thomas.cataldo@aliasource.fr>  Mon, 15 Mar 2010 10:24:32 +0100

obm-sync (2.3.2-1) unstable; urgency=low

  * new upstream release

 -- Sylvain Garcia <sylvain.garcia@obm.org>  Mon, 15 Feb 2010 11:41:58 +0100

obm-sync (2.3.1-1) unstable; urgency=low

  * new upstream release

 -- Sylvain Garcia <sylvain.garcia@obm.org>  Mon, 25 Jan 2010 11:20:50 +0100

obm-sync (2.3.0-1) unstable; urgency=low

  * new upstream

 -- Sylvain Garcia <sylvain.garcia@obm.org>  Fri, 04 Dec 2009 17:17:54 +0100

obm-sync (2.3.0~rc3-1) unstable; urgency=low

  * bump rc3

 -- Sylvain Garcia <sylvain.garcia@obm.org>  Fri, 27 Nov 2009 09:51:48 +0100

obm-sync (2.3.0~rc2-1) unstable; urgency=low

  * bump rc2 

 -- Sylvain Garcia <sylvain.garcia@obm.org>  Sun, 22 Nov 2009 11:05:58 +0100

obm-sync (2.3.0~rc1-1) unstable; urgency=low

  * bump to rc1 release

 -- Sylvain Garcia <sylvain.garcia@obm.org>  Fri, 13 Nov 2009 09:54:38 +0100

obm-sync (2.3.0~alpha1-1) unstable; urgency=low

  * Initial release. (Closes: #XXXXXX)
  * move obm-tomcat in predepend to use obm-tomcat trigger 

 -- Sylvain Garcia <sylvain.garcia@obm.org>  Fri, 02 Oct 2009 11:50:45 +0200
